<?xml version="1.0" encoding="UTF-8"?>
<project-private xmlns="http://www.netbeans.org/ns/project-private/1">
    <editor-bookmarks xmlns="http://www.netbeans.org/ns/editor-bookmarks/2" lastBookmarkId="0"/>
    <open-files xmlns="http://www.netbeans.org/ns/projectui-open-files/1">
        <file>file:/C:/Users/MaxBrock/Desktop/IT%20P1%20Sept%202014/DataFilesEng/TrafficFineApp/src/speedingfineapp/AverageSpeedProsecution.java</file>
        <file>file:/C:/Users/MaxBrock/Desktop/IT%20P1%20Sept%202014/DataFilesEng/TrafficFineApp/src/speedingfineapp/ProcessingFines.java</file>
        <file>file:/C:/Users/MaxBrock/Desktop/IT%20P1%20Sept%202014/DataFilesEng/TrafficFineApp/src/speedingfineapp/SpeedingFine.java</file>
        <file>file:/C:/Users/MaxBrock/Desktop/IT%20P1%20Sept%202014/DataFilesEng/TrafficFineApp/src/speedingfineapp/MultipleFines.java</file>
        <file>file:/C:/Users/MaxBrock/Desktop/IT%20P1%20Sept%202014/DataFilesEng/TrafficFineApp/src/speedingfineapp/Statistics.java</file>
        <file>file:/C:/Users/MaxBrock/Desktop/IT%20P1%20Sept%202014/DataFilesEng/TrafficFineApp/src/speedingfineapp/SpeedingFineAppMain.java</file>
    </open-files>
</project-private>
